<?xml version="1.0" encoding="UTF-8"?>
<beans xmlns="http://www.springframework.org/schema/beans"
	xmlns:xsi="http://www.w3.org/2001/XMLSchema-instance" 
	xmlns:aop="http://www.springframework.org/schema/aop"
	xmlns:context="http://www.springframework.org/schema/context"
	xsi:schemaLocation="http://www.springframework.org/schema/beans 
	http://www.springframework.org/schema/beans/spring-beans-4.0.xsd
	
	 http://www.springframework.org/schema/context
     http://www.springframework.org/schema/context/spring-context-4.0.xsd">

<!-- 	<bean id="dbUtil" class="com.cg.appl.util.EntityManageUtil" /> -->
		<context:component-scan base-package="com.cg.appl" />

	

	<!-- <bean id="empDao" class="com.cg.appl.dao.EmpDaoImpl" >
		<property name="util" ref="dbUtil" />	
	</bean> -->
	
	
	
	
	<!-- <bean id="empServices" class="com.cg.appl.services.EmpServicesImpl" >
		<property name="dao" ref="empDao" />	
	</bean> -->
	
</beans>