<?xml version="1.0" encoding="UTF-8"?>
<beans xmlns="http://www.springframework.org/schema/beans"
	xmlns:xsi="http://www.w3.org/2001/XMLSchema-instance" 
	xmlns:aop="http://www.springframework.org/schema/aop"
	xsi:schemaLocation="http://www.springframework.org/schema/beans 
	http://www.springframework.org/schema/beans/spring-beans-4.0.xsd">

	<bean id="companyDetails" class="com.cg.appl.commons.CompanyDetails" >
	<constructor-arg index="0" value="143" />
	<constructor-arg index="1" >
	<value>Always ahead of Time</value>
	</constructor-arg>
	<constructor-arg index="2" ref="address" />
	
	
	
	
		<property name="companyName" value="Capgemini Solution Pvt Ltd." />
<!-- 		<property name="companyMotto" value="Always ahead of Time" /> -->
<!-- 		<property name="niftyRank" value="143" />	 -->
<!-- 		<property name="addr" ref="address"></property> -->
			<property name="directors">
				<list>
					<value>Mr.ABC</value>
					<value>Mr.XYZ</value>
					<value>Ms.PQR</value>
					<value>Ms.LMN</value>
				</list>
			</property>
			
			<property name="branches">
				<set>
					<value>Mumbai</value>
					<value>Pune</value>
					<value>Banguluru</value>
					<value>Kolkatta</value>
				</set>
			</property>
			
			
			<property name="branchAddr">
				<map>
				<entry key="Mumbai">
					<value>BKC</value>
				</entry>
				
				<entry key="Pune">
					<value>HINJEWADI</value>
				</entry>
					
					
				<entry key="Banguluru">
					<value>TALAWADE</value>
				</entry>
					
				<entry key="Kolkatta">
					<value>WhifeField</value>
				</entry>
				</map>
			</property>		
			<property name="ipAddress" ref="ipConfig" />
	</bean>

	<bean id="ipConfig" class="org.springframework.beans.factory.config.PropertiesFactoryBean">
	<property name="location" value="classpath:server.properties" />
	</bean>
	


	<bean id="address" class="com.cg.appl.commons.Address" >
		<property name="line1" value="GLC,Sector 104" />
		<property name="line2" value="MIDC,Talawade" />
		<property name="area" value="Talawade" />
		<property name="city" value="Pune" />
		<property name="state" value="Maharashtra" />
		<property name="country" value="India" />
		<property name="pin" value="411062" />
	</bean>
	
	<bean id="emp" class="com.cg.appl.entities.Emp" scope="prototype" />
		

	
	
</beans>